Volatiltiy,VaR,Expected Shortfall,Sharpe Ratio
0.011400851248556911,-0.015927319031636578,-0.02599931456592635,0.9397908351504429
